{"loss": [1.0914374589920044, 1.0705039501190186, 1.0543216466903687, 1.0481516122817993, 1.033303141593933, 0.97133868932724, 0.8265832662582397, 0.7416872382164001, 0.6313021183013916, 0.5296006798744202, 0.4507220387458801, 0.40247127413749695, 0.36946582794189453, 0.3317883610725403, 0.31763994693756104, 0.2815040349960327, 0.2690826952457428, 0.2377070039510727, 0.23019424080848694, 0.2094506174325943, 0.19432848691940308, 0.18332287669181824, 0.17235732078552246, 0.16018196940422058], "accuracy": [0.40191665291786194, 0.42783331871032715, 0.4519166648387909, 0.46050000190734863, 0.4763333201408386, 0.5150833129882812, 0.5989999771118164, 0.6372500061988831, 0.7260833382606506, 0.7839166522026062, 0.8246666789054871, 0.847083330154419, 0.8589166402816772, 0.874833345413208, 0.8819166421890259, 0.8976666927337646, 0.9007499814033508, 0.9118333458900452, 0.9144166707992554, 0.9237499833106995, 0.9317499995231628, 0.9363333582878113, 0.9380000233650208, 0.9430833458900452], "val_loss": [1.0688388347625732, 1.0572558641433716, 1.0484468936920166, 1.0374467372894287, 1.022314429283142, 0.8635659217834473, 0.7599177360534668, 0.6788099408149719, 0.5758403539657593, 0.47030842304229736, 0.4543021321296692, 0.42489171028137207, 0.42122218012809753, 0.4324593245983124, 0.3701419532299042, 0.3668505847454071, 0.39414408802986145, 0.4529478847980499, 0.360770046710968, 0.46808940172195435, 0.35123303532600403, 0.38423335552215576, 0.4589342474937439, 0.4018334150314331], "val_accuracy": [0.44066667556762695, 0.43433332443237305, 0.46833333373069763, 0.4676666557788849, 0.4896666705608368, 0.5903333425521851, 0.621666669845581, 0.6803333163261414, 0.7646666765213013, 0.8076666593551636, 0.8203333616256714, 0.8363333344459534, 0.8363333344459534, 0.8366666436195374, 0.8569999933242798, 0.8656666874885559, 0.8500000238418579, 0.8503333330154419, 0.8659999966621399, 0.8546666502952576, 0.8766666650772095, 0.8723333477973938, 0.8483333587646484, 0.871999979019165]}